"ID","Description","GeneRatio","BgRatio","RichFactor","FoldEnrichment","zScore","pvalue","p.adjust","qvalue","geneID","Count"
"GO:0016054","organic acid catabolic process","30/156","250/18888",0.12,14.5292307692308,19.6514757628506,2.12366396407443e-26,1.65858155594213e-23,1.40720680566827e-23,"ABCB11/ABCD4/ACAA1/ACADM/ACOX2/AKR1A1/AKR1D1/ARG1/CRYL1/DLD/FABP1/FAH/FTCD/GOT2/GSTZ1/HACL1/HAO2/HGD/HPD/KYAT1/LDHD/NUDT7/PIPOX/PRODH2/SARDH/SDS/SDSL/SHMT1/THNSL2/UROC1",30
"GO:0046395","carboxylic acid catabolic process","30/156","250/18888",0.12,14.5292307692308,19.6514757628506,2.12366396407443e-26,1.65858155594213e-23,1.40720680566827e-23,"ABCB11/ABCD4/ACAA1/ACADM/ACOX2/AKR1A1/AKR1D1/ARG1/CRYL1/DLD/FABP1/FAH/FTCD/GOT2/GSTZ1/HACL1/HAO2/HGD/HPD/KYAT1/LDHD/NUDT7/PIPOX/PRODH2/SARDH/SDS/SDSL/SHMT1/THNSL2/UROC1",30
"GO:0044282","small molecule catabolic process","33/156","373/18888",0.0884718498659517,10.7118993606929,17.2881469686964,1.08630279786583e-24,5.65601656755477e-22,4.79879025443187e-22,"ABCB11/ABCD4/ACAA1/ACADM/ACOX2/AKR1A1/AKR1D1/ALDOB/ARG1/CRYL1/DLD/FABP1/FAH/FTCD/GK/GOT2/GSTZ1/HACL1/HAO2/HGD/HPD/KYAT1/LDHD/NUDT7/PIPOX/PRODH2/RBKS/SARDH/SDS/SDSL/SHMT1/THNSL2/UROC1",33
"GO:0006520","amino acid metabolic process","27/156","295/18888",0.0915254237288136,11.0816166883964,15.9264201780475,1.17054978616279e-20,4.57099691496569e-18,3.87821626520777e-18,"ARG1/ASL/ASPG/ASS1/DDC/DLD/FAH/FTCD/GATC/GOT2/GSS/GSTZ1/HGD/HPD/IYD/KYAT1/NIT2/PIPOX/PRODH2/SARDH/SDS/SDSL/SHMT1/SRR/THNSL2/UROC1/ACY1",27
"GO:0170033","L-amino acid metabolic process","20/156","163/18888",0.122699386503067,14.8560641812176,16.2134146655753,4.91726938809899e-18,1.47479369695388e-15,1.25127384895541e-15,"ARG1/ASL/ASPG/ASS1/FAH/FTCD/GOT2/GSTZ1/HGD/HPD/KYAT1/NIT2/PIPOX/PRODH2/SDS/SDSL/SHMT1/SRR/THNSL2/UROC1",20
"GO:1901605","alpha-amino acid metabolic process","22/156","216/18888",0.101851851851852,12.3319088319088,15.2857320666693,5.66502060289581e-18,1.47479369695388e-15,1.25127384895541e-15,"ARG1/ASL/ASPG/ASS1/FAH/FTCD/GOT2/GSTZ1/HGD/HPD/IYD/KYAT1/NIT2/PIPOX/PRODH2/SARDH/SDS/SDSL/SHMT1/SRR/THNSL2/UROC1",22
"GO:0170039","proteinogenic amino acid metabolic process","19/156","147/18888",0.129251700680272,15.6493982208268,16.2717321466325,1.28893993812683e-17,2.87617740479159e-15,2.44026373248373e-15,"ARG1/ASL/ASPG/ASS1/FAH/FTCD/GOT2/GSTZ1/HGD/HPD/NIT2/PIPOX/PRODH2/SDS/SDSL/SHMT1/SRR/THNSL2/UROC1",19
"GO:0009063","amino acid catabolic process","17/156","111/18888",0.153153153153153,18.5433125433125,16.916546297519,3.73082400128836e-17,7.28443386251552e-15,6.18040449687111e-15,"ARG1/DLD/FAH/FTCD/GOT2/GSTZ1/HGD/HPD/KYAT1/PIPOX/PRODH2/SARDH/SDS/SDSL/SHMT1/THNSL2/UROC1",17
"GO:0170035","L-amino acid catabolic process","13/156","61/18888",0.213114754098361,25.8032786885246,17.7065994905383,2.3383321360616e-15,4.05830532947581e-13,3.44322825649305e-13,"ARG1/FAH/GOT2/GSTZ1/HGD/HPD/KYAT1/PIPOX/PRODH2/SDS/SDSL/SHMT1/THNSL2",13
"GO:1901606","alpha-amino acid catabolic process","14/156","90/18888",0.155555555555556,18.834188034188,15.4764193247101,2.00269940038595e-14,3.12821646340286e-12,2.65410373166938e-12,"ARG1/FAH/GOT2/GSTZ1/HGD/HPD/KYAT1/PIPOX/PRODH2/SARDH/SDS/SDSL/SHMT1/THNSL2",14
"GO:0170040","proteinogenic amino acid catabolic process","12/156","57/18888",0.210526315789474,25.4898785425101,16.8981469370916,3.37147099236688e-14,4.78748880916098e-12,4.06189663099513e-12,"ARG1/FAH/GOT2/GSTZ1/HGD/HPD/PIPOX/PRODH2/SDS/SDSL/SHMT1/THNSL2",12
"GO:0006575","cellular modified amino acid metabolic process","17/156","191/18888",0.0890052356020942,10.7764800644382,12.3926719471356,3.78033867621785e-13,4.92074084354357e-11,4.17495297663007e-11,"ABHD16A/ACADM/ASS1/BBOX1/DMGDH/FTCD/GATM/GOT2/GSS/GSTA1/GSTA2/GSTA3/GSTA4/GSTZ1/IYD/SARDH/SHMT1",17
"GO:0006805","xenobiotic metabolic process","14/156","126/18888",0.111111111111111,13.4529914529915,12.7988547830826,2.36835577772609e-12,2.84567055754473e-10,2.4143805053904e-10,"ABCB11/ACAA1/ACSL1/GSTA1/GSTA2/GSTA3/GSTA4/POR/SLC22A1/SLC22A7/SLCO1B1/SLCO2B1/UGT2B11/UGT2B7",14
"GO:0072329","monocarboxylic acid catabolic process","14/156","131/18888",0.106870229007634,12.9395184967704,12.5138944081001,4.06077969649299e-12,4.53066991851575e-10,3.84400123149223e-10,"ABCB11/ABCD4/ACAA1/ACADM/ACOX2/AKR1A1/AKR1D1/CRYL1/FABP1/FAH/HACL1/HAO2/LDHD/NUDT7",14
"GO:0071466","cellular response to xenobiotic stimulus","14/156","194/18888",0.0721649484536082,8.73750991276764,9.8855919265975,8.06833980148927e-10,8.40183117995083e-08,7.12844898952631e-08,"ABCB11/ACAA1/ACSL1/GSTA1/GSTA2/GSTA3/GSTA4/POR/SLC22A1/SLC22A7/SLCO1B1/SLCO2B1/UGT2B11/UGT2B7",14
"GO:0043648","dicarboxylic acid metabolic process","10/156","94/18888",0.106382978723404,12.8805237315876,10.5375977544146,5.51427360177098e-09,5.38330960372892e-07,4.56741477936162e-07,"ASL/ASS1/FTCD/GOT2/GRHPR/NIT2/OGDH/PRODH2/SHMT1/UROC1",10
"GO:0009064","glutamine family amino acid metabolic process","9/156","74/18888",0.121621621621622,14.7255717255717,10.7958650811661,9.91469040721783e-09,9.10985083298485e-07,7.72916112859891e-07,"ARG1/ASL/ASS1/FAH/FTCD/GOT2/NIT2/PRODH2/UROC1",9
"GO:0009410","response to xenobiotic stimulus","18/156","444/18888",0.0405405405405405,4.90852390852391,7.60551130043038,2.92618400979836e-08,2.53927745739169e-06,2.15442436744803e-06,"ABCB11/ABCC6/ACAA1/ACSL1/ASS1/GSTA1/GSTA2/GSTA3/GSTA4/MAOB/POR/SLC22A1/SLC22A7/SLCO1B1/SLCO2B1/SRR/UGT2B11/UGT2B7",18
"GO:0015711","organic anion transport","18/156","451/18888",0.0399113082039911,4.832338393314,7.5172450528106,3.71179638645096e-08,2.97838404010524e-06,2.52697992215951e-06,"ABCB11/ABCC6/ABCD4/ACSL1/AKR1C4/FABP1/GOT2/SLC22A1/SLC22A7/SLC23A1/SLC25A15/SLC25A20/SLC25A23/SLC25A25/SLC25A26/SLC2A9/SLCO1B1/SLCO2B1",18
"GO:0006631","fatty acid metabolic process","17/156","401/18888",0.0423940149625935,5.13293688854786,7.63395251099436,3.81355190794525e-08,2.97838404010524e-06,2.52697992215951e-06,"ABCB11/ABCD4/ACAA1/ACADM/ACBD4/ACOT12/ACOX2/ACSL1/AKR1C4/APOC3/CRYL1/FABP1/GSTA1/HACL1/HAO2/NUDT7/THNSL2",17
"GO:0006063","uronic acid metabolic process","6/156","26/18888",0.230769230769231,27.9408284023669,12.5445608997307,5.78880646046753e-08,4.11005258693194e-06,3.48713269556393e-06,"AKR1A1/CRYL1/UGT2B10/UGT2B11/UGT2B4/UGT2B7",6
"GO:0019585","glucuronate metabolic process","6/156","26/18888",0.230769230769231,27.9408284023669,12.5445608997307,5.78880646046753e-08,4.11005258693194e-06,3.48713269556393e-06,"AKR1A1/CRYL1/UGT2B10/UGT2B11/UGT2B4/UGT2B7",6
"GO:0009066","aspartate family amino acid metabolic process","7/156","45/18888",0.155555555555556,18.834188034188,10.9304058787955,7.98747235393414e-08,5.42453557254136e-06,4.60239253711811e-06,"ASPG/ASS1/GOT2/NIT2/PIPOX/SDS/SDSL",7
"GO:0046394","carboxylic acid biosynthetic process","15/156","334/18888",0.0449101796407186,5.43758636573008,7.4671175909509,1.19963111982188e-07,7.80759920484073e-06,6.62427885901643e-06,"ABCB11/ACOX2/AKR1A1/AKR1C4/AKR1D1/APOC3/ASL/ASS1/GATM/GOT2/SDS/SDSL/SHMT1/SRR/THNSL2",15
"GO:0016053","organic acid biosynthetic process","15/156","337/18888",0.0445103857566766,5.3891805523853,7.41936007623153,1.34691623547936e-07,8.40799197997947e-06,7.13367605822101e-06,"ABCB11/ACOX2/AKR1A1/AKR1C4/AKR1D1/APOC3/ASL/ASS1/GATM/GOT2/SDS/SDSL/SHMT1/SRR/THNSL2",15
"GO:0015980","energy derivation by oxidation of organic compounds","15/156","338/18888",0.0443786982248521,5.3732362312244,7.40356758725436,1.3995377175382e-07,8.40799197997947e-06,7.13367605822101e-06,"ACADM/ACO1/ATP5F1B/COX5A/DLD/GYS2/NDUFA4/OGDH/PYGL/PYGM/SDHB/SLC25A23/SLC25A25/SURF1/ATP5MF",15
"GO:0006570","tyrosine metabolic process","5/156","17/18888",0.294117647058824,35.6108597285068,13.0284006454918,2.05847540465476e-07,1.19086614150768e-05,1.01037837600793e-05,"FAH/GSTZ1/HGD/HPD/IYD",5
"GO:0009062","fatty acid catabolic process","9/156","106/18888",0.0849056603773585,10.2801161103048,8.74353674139456,2.35335129032247e-07,1.31283382695846e-05,1.11386062951729e-05,"ABCB11/ABCD4/ACAA1/ACADM/ACOX2/FABP1/HACL1/HAO2/NUDT7",9
"GO:0015718","monocarboxylic acid transport","11/156","179/18888",0.0614525139664804,7.44048130640309,7.9008036120303,2.88157698489326e-07,1.52539171353255e-05,1.29420322618605e-05,"ABCB11/ABCD4/ACSL1/AKR1C4/FABP1/GOT2/SLC22A1/SLC22A7/SLC25A20/SLCO1B1/SLCO2B1",11
"GO:0046942","carboxylic acid transport","15/156","358/18888",0.0418994413407821,5.07305543618393,7.1002859515813,2.9296895906515e-07,1.52539171353255e-05,1.29420322618605e-05,"ABCB11/ABCC6/ABCD4/ACSL1/AKR1C4/FABP1/GOT2/SLC22A1/SLC22A7/SLC23A1/SLC25A15/SLC25A20/SLC25A26/SLCO1B1/SLCO2B1",15
"GO:0015849","organic acid transport","15/156","359/18888",0.0417827298050139,5.05892436254553,7.08571869605414,3.03589433215149e-07,1.52969901510343e-05,1.29785771279413e-05,"ABCB11/ABCC6/ABCD4/ACSL1/AKR1C4/FABP1/GOT2/SLC22A1/SLC22A7/SLC23A1/SLC25A15/SLC25A20/SLC25A26/SLCO1B1/SLCO2B1",15
"GO:0015908","fatty acid transport","9/156","115/18888",0.0782608695652174,9.47558528428094,8.31962005492109,4.73126416718975e-07,2.30944832160949e-05,1.95942815345128e-05,"ABCD4/ACSL1/FABP1/GOT2/SLC22A1/SLC22A7/SLC25A20/SLCO1B1/SLCO2B1",9
"GO:0019693","ribose phosphate metabolic process","17/156","480/18888",0.0354166666666667,4.28814102564102,6.65916025455921,4.91866581103783e-07,2.32816848389124e-05,1.9753110864742e-05,"ABCC6/ACOT12/ACSL1/ALDOB/ATP5F1B/CLPX/DLD/NUDT7/OGDH/PFKFB1/PGM1/PIPOX/PYGL/SDHB/SLC25A25/UCK1/ATP5MF",17
"GO:0006790","sulfur compound metabolic process","14/156","326/18888",0.0429447852760736,5.19962246342614,6.98004754262369,5.53234689896836e-07,2.54162525182017e-05,2.1564163299694e-05,"ACOT12/ACSL1/AKR1A1/DLD/GSS/GSTA1/GSTA2/GSTA3/GSTA4/GSTZ1/NUDT7/OGDH/PIPOX/SLC19A3",14
"GO:0016042","lipid catabolic process","14/156","340/18888",0.0411764705882353,4.98552036199095,6.76749061182463,9.1343485925014e-07,4.0765292861392e-05,3.45869018885993e-05,"ABCB11/ABCD4/ABHD16A/ACAA1/ACADM/ACOX2/AKR1D1/APOC3/ASPG/FABP1/HACL1/HAO2/NUDT7/PAFAH2",14
"GO:0000050","urea cycle","4/156","11/18888",0.363636363636364,44.027972027972,13.0266410733288,1.41237704588159e-06,6.12814707129736e-05,5.19936462211967e-05,"ARG1/ASL/ASS1/SLC25A15",4
"GO:1901607","alpha-amino acid biosynthetic process","7/156","69/18888",0.101449275362319,12.2831661092531,8.56858226869286,1.6089703686782e-06,6.70243304820596e-05,5.6866117714747e-05,"ASL/ASS1/GOT2/SDS/SDSL/SHMT1/SRR",7
"GO:0009259","ribonucleotide metabolic process","16/156","466/18888",0.0343347639484979,4.15714757345659,6.2975433627656,1.63055349444191e-06,6.70243304820596e-05,5.6866117714747e-05,"ABCC6/ACOT12/ACSL1/ALDOB/ATP5F1B/CLPX/DLD/NUDT7/OGDH/PFKFB1/PGM1/PIPOX/SDHB/SLC25A25/UCK1/ATP5MF",16
"GO:0170041","non-proteinogenic amino acid metabolic process","7/156","73/18888",0.0958904109589041,11.6101159114858,8.28859962674673,2.36372751317076e-06,9.46703173223778e-05,8.03220766283939e-05,"ARG1/ASL/ASS1/GOT2/KYAT1/SARDH/SRR",7
"GO:0019395","fatty acid oxidation","8/156","106/18888",0.0754716981132075,9.13788098693759,7.66734602893327,2.75016914972895e-06,0.000104859954926798,8.89673719609401e-05,"ABCB11/ABCD4/ACAA1/ACADM/ACOX2/FABP1/HACL1/HAO2",8
"GO:0006563","L-serine metabolic process","4/156","13/18888",0.307692307692308,37.2544378698225,11.9327649628847,3.02093340057997e-06,0.000104859954926798,8.89673719609401e-05,"SDS/SDSL/SHMT1/SRR",4
"GO:0009068","aspartate family amino acid catabolic process","4/156","13/18888",0.307692307692308,37.2544378698225,11.9327649628847,3.02093340057997e-06,0.000104859954926798,8.89673719609401e-05,"GOT2/PIPOX/SDS/SDSL",4
"GO:0009071","serine family amino acid catabolic process","4/156","13/18888",0.307692307692308,37.2544378698225,11.9327649628847,3.02093340057997e-06,0.000104859954926798,8.89673719609401e-05,"SDS/SDSL/SHMT1/THNSL2",4
"GO:0019627","urea metabolic process","4/156","13/18888",0.307692307692308,37.2544378698225,11.9327649628847,3.02093340057997e-06,0.000104859954926798,8.89673719609401e-05,"ARG1/ASL/ASS1/SLC25A15",4
"GO:0071941","nitrogen cycle metabolic process","4/156","13/18888",0.307692307692308,37.2544378698225,11.9327649628847,3.02093340057997e-06,0.000104859954926798,8.89673719609401e-05,"ARG1/ASL/ASS1/SLC25A15",4
"GO:0044242","cellular lipid catabolic process","11/156","230/18888",0.0478260869565217,5.79063545150502,6.67077377040209,3.40097116926937e-06,0.000115485151443451,9.79822128629321e-05,"ABCB11/ABCD4/ABHD16A/ACAA1/ACADM/ACOX2/APOC3/FABP1/HACL1/HAO2/NUDT7",11
"GO:0034440","lipid oxidation","8/156","113/18888",0.0707964601769911,8.57181756296801,7.36717701698065,4.44458507450574e-06,0.000146698842296749,0.000124465154290455,"ABCB11/ABCD4/ACAA1/ACADM/ACOX2/FABP1/HACL1/HAO2",8
"GO:0009150","purine ribonucleotide metabolic process","15/156","446/18888",0.0336322869955157,4.07209382545705,5.99169379581113,4.50803100527781e-06,0.000146698842296749,0.000124465154290455,"ABCC6/ACOT12/ACSL1/ALDOB/ATP5F1B/CLPX/DLD/NUDT7/OGDH/PFKFB1/PGM1/PIPOX/SDHB/SLC25A25/ATP5MF",15
"GO:0006869","lipid transport","15/156","456/18888",0.0328947368421053,3.98279352226721,5.8839787622169,5.88828982075942e-06,0.000186939477395579,0.000158606915588001,"ABCB11/ABCD4/ACSL1/AKR1C4/APOC3/APOL2/CRY1/FABP1/GOT2/PCTP/SLC22A1/SLC22A7/SLC25A20/SLCO1B1/SLCO2B1",15
"GO:0009072","aromatic amino acid metabolic process","5/156","32/18888",0.15625,18.9182692307692,9.25759072751024,6.06136772741433e-06,0.000186939477395579,0.000158606915588001,"FAH/GSTZ1/HGD/HPD/IYD",5
"GO:0009060","aerobic respiration","10/156","199/18888",0.050251256281407,6.08426749130267,6.57981392940077,6.21107857977759e-06,0.000186939477395579,0.000158606915588001,"ACO1/ATP5F1B/COX5A/DLD/NDUFA4/OGDH/SDHB/SLC25A23/SURF1/ATP5MF",10
"GO:0045333","cellular respiration","11/156","245/18888",0.0448979591836735,5.43610675039246,6.37791674224168,6.22333727565308e-06,0.000186939477395579,0.000158606915588001,"ACO1/ATP5F1B/COX5A/DLD/NDUFA4/OGDH/SDHB/SLC25A23/SLC25A25/SURF1/ATP5MF",11
"GO:0006536","glutamate metabolic process","5/156","33/18888",0.151515151515152,18.3449883449883,9.1005874799678,7.09634310227451e-06,0.000209141281617977,0.000177443812626884,"ASL/FTCD/GOT2/PRODH2/UROC1",5
"GO:0006749","glutathione metabolic process","6/156","57/18888",0.105263157894737,12.7449392712551,8.10407079922347,7.38806917484918e-06,0.000213706741687304,0.000181317331211211,"GSS/GSTA1/GSTA2/GSTA3/GSTA4/GSTZ1",6
"GO:0009074","aromatic amino acid family catabolic process","4/156","16/18888",0.25,30.2692307692308,10.6884332890055,7.54238923929077e-06,0.000214203854395858,0.000181739101478796,"FAH/GSTZ1/HGD/HPD",4
"GO:0009199","ribonucleoside triphosphate metabolic process","11/156","251/18888",0.0438247011952191,5.30615997548268,6.26744790669467,7.8275845264226e-06,0.000218333696969145,0.000185243024788836,"ABCC6/ALDOB/ATP5F1B/CLPX/OGDH/PFKFB1/PGM1/SDHB/SLC25A25/UCK1/ATP5MF",11
"GO:0005996","monosaccharide metabolic process","11/156","252/18888",0.0436507936507936,5.28510378510378,6.24938066304729,8.12733992045281e-06,0.000222717630802584,0.000188962529267776,"ACADM/AKR1A1/ALDOB/CRY1/FGGY/FUOM/PFKFB1/PGM1/RBKS/SDS/SLC23A1",11
"GO:0009069","serine family amino acid metabolic process","5/156","36/18888",0.138888888888889,16.8162393162393,8.66817114165487,1.10491792342051e-05,0.000297565826962557,0.000252466726966682,"SDS/SDSL/SHMT1/SRR/THNSL2",5
"GO:0006767","water-soluble vitamin metabolic process","6/156","62/18888",0.0967741935483871,11.7171215880893,7.71341486143394,1.20977361534575e-05,0.000320282438503401,0.000271740407086584,"ABCD4/AKR1A1/PNPO/SHMT1/SLC19A3/SLC23A1",6
"GO:0009141","nucleoside triphosphate metabolic process","11/156","266/18888",0.0413533834586466,5.00694042799306,6.00609583541608,1.35049821821863e-05,0.000351579702809582,0.000298294255567939,"ABCC6/ALDOB/ATP5F1B/CLPX/OGDH/PFKFB1/PGM1/SDHB/SLC25A25/UCK1/ATP5MF",11
"GO:0046364","monosaccharide biosynthetic process","7/156","96/18888",0.0729166666666667,8.82852564102564,7.01747392820488,1.47567015962087e-05,0.000376447004729519,0.000319392667264953,"ACADM/AKR1A1/ALDOB/CRY1/PFKFB1/PGM1/SDS",7
"GO:0046034","ATP metabolic process","10/156","220/18888",0.0454545454545455,5.5034965034965,6.13146126490335,1.49421986512357e-05,0.000376447004729519,0.000319392667264953,"ABCC6/ALDOB/ATP5F1B/CLPX/OGDH/PFKFB1/PGM1/SDHB/SLC25A25/ATP5MF",10
"GO:0022900","electron transport chain","9/156","175/18888",0.0514285714285714,6.22681318681319,6.33922269167783,1.52102899755914e-05,0.000377118618124981,0.000319962490881698,"AKR1C4/COX5A/DLD/DMGDH/MAOB/NDUFA4/POR/SDHB/SURF1",9
"GO:0006525","arginine metabolic process","4/156","19/18888",0.210526315789474,25.4898785425101,9.74632084913659,1.57554064455817e-05,0.000384530388562479,0.000326250932812293,"ARG1/ASL/ASS1/FAH",4
"GO:0043161","proteasome-mediated ubiquitin-dependent protein catabolic process","13/156","389/18888",0.0334190231362468,4.04627249357326,5.54014508644517,2.14408143269648e-05,0.000515239261211062,0.000437149558504432,"KLHDC10/NEDD4L/PSMA1/PSMA2/PSMA3/PSMA4/PSMA5/PSMA7/PSMB1/PSMB2/PSMB3/PSMB4/PSMB7",13
"GO:0052695","cellular glucuronidation","4/156","21/18888",0.19047619047619,23.0622710622711,9.23124236703414,2.40170016496188e-05,0.000568402372374311,0.000482255264383892,"UGT2B10/UGT2B11/UGT2B4/UGT2B7",4
"GO:0006635","fatty acid beta-oxidation","6/156","75/18888",0.08,9.68615384615385,6.87829559801206,3.62788776240233e-05,0.00083370309297876,0.000707346987034341,"ABCB11/ABCD4/ACAA1/ACADM/ACOX2/FABP1",6
"GO:0009205","purine ribonucleoside triphosphate metabolic process","10/156","244/18888",0.040983606557377,4.96216897856242,5.68473303411756,3.62943728057335e-05,0.00083370309297876,0.000707346987034341,"ABCC6/ALDOB/ATP5F1B/CLPX/OGDH/PFKFB1/PGM1/SDHB/SLC25A25/ATP5MF",10
"GO:0009144","purine nucleoside triphosphate metabolic process","10/156","250/18888",0.04,4.84307692307692,5.58214537816704,4.45671044775262e-05,0.00100889590136081,0.000855987559682768,"ABCC6/ALDOB/ATP5F1B/CLPX/OGDH/PFKFB1/PGM1/SDHB/SLC25A25/ATP5MF",10
"GO:0016052","carbohydrate catabolic process","8/156","158/18888",0.0506329113924051,6.13047711781889,5.90975020717968,5.11100757316989e-05,0.00114048483275591,0.000967632862349006,"ALDOB/GK/OGDH/PFKFB1/PGM1/PYGL/PYGM/RBKS",8
"GO:0006090","pyruvate metabolic process","7/156","118/18888",0.0593220338983051,7.18252933507171,6.14789961839825,5.61055025563344e-05,0.00123432105623936,0.0010472472604659,"ALDOB/DLD/OGDH/PFKFB1/PGM1/SDS/SRR",7
"GO:0009065","glutamine family amino acid catabolic process","4/156","26/18888",0.153846153846154,18.6272189349112,8.20782932578472,5.80937347070231e-05,0.00124304676181329,0.00105465049742094,"ARG1/FAH/GOT2/PRODH2",4
"GO:0042537","benzene-containing compound metabolic process","4/156","26/18888",0.153846153846154,18.6272189349112,8.20782932578472,5.80937347070231e-05,0.00124304676181329,0.00105465049742094,"ACAA1/FAH/GOT2/KYAT1",4
"GO:0008206","bile acid metabolic process","5/156","51/18888",0.0980392156862745,11.8702865761689,7.09368546028445,6.23143572073463e-05,0.00131533818861993,0.00111598542992957,"ABCB11/ACAA1/ACOX2/AKR1C4/AKR1D1",5
"GO:0015732","prostaglandin transport","4/156","28/18888",0.142857142857143,17.2967032967033,7.87516469336301,7.85470769121578e-05,0.00163587378849054,0.00138794062922676,"SLC22A1/SLC22A7/SLCO1B1/SLCO2B1",4
"GO:0072524","pyridine-containing compound metabolic process","8/156","170/18888",0.0470588235294118,5.69773755656109,5.6148118117821,8.55633404294573e-05,0.00175855181251069,0.00149202556233638,"ALDOB/NAXD/OGDH/PFKFB1/PGLS/PGM1/PNPO/RBKS",8
"GO:0008202","steroid metabolic process","11/156","329/18888",0.033434650455927,4.04816460135609,5.08991808620978,9.34913238720732e-05,0.00189653828426206,0.00160909879364238,"ABCB11/ACAA1/ACOX2/AKR1C4/AKR1D1/APOL2/FDFT1/UGT2B10/UGT2B11/UGT2B4/UGT2B7",11
"GO:0006094","gluconeogenesis","6/156","89/18888",0.0674157303370786,8.16248919619706,6.18078054877827,9.52193008276674e-05,0.00190682753708739,0.00161782860650517,"ACADM/ALDOB/CRY1/PFKFB1/PGM1/SDS",6
"GO:0015721","bile acid and bile salt transport","4/156","30/18888",0.133333333333333,16.1435897435897,7.57518706635897,0.000103790258512015,0.00205215675690845,0.00174113171840942,"ABCB11/AKR1C4/SLCO1B1/SLCO2B1",4
"GO:1901616","organic hydroxy compound catabolic process","5/156","57/18888",0.087719298245614,10.6207827260459,6.63839144291211,0.000106737159185981,0.00208122014854878,0.00176579026014079,"AKR1D1/FAH/GK/LDHD/MAOB",5
"GO:0072330","monocarboxylic acid biosynthetic process","9/156","225/18888",0.04,4.84307692307692,5.29213998252654,0.000107924988497088,0.00208122014854878,0.00176579026014079,"ABCB11/ACOX2/AKR1C4/AKR1D1/APOC3/GATM/SDS/SRR/THNSL2",9
"GO:0019319","hexose biosynthetic process","6/156","92/18888",0.0652173913043478,7.89632107023411,6.0510450031497,0.000114492600993293,0.00216633871654411,0.00183800825131682,"ACADM/ALDOB/CRY1/PFKFB1/PGM1/SDS",6
"GO:0042364","water-soluble vitamin biosynthetic process","3/156","12/18888",0.25,30.2692307692308,9.25547393853342,0.000115112748702408,0.00216633871654411,0.00183800825131682,"AKR1A1/PNPO/SLC19A3",3
"GO:0042219","cellular modified amino acid catabolic process","4/156","32/18888",0.125,15.1346153846154,7.30274127686614,0.000134452786598229,0.0025001815793623,0.002121253863749,"ABHD16A/DMGDH/GOT2/SARDH",4
"GO:0006637","acyl-CoA metabolic process","6/156","96/18888",0.0625,7.56730769230769,5.88692081019112,0.000144873828564391,0.00260106804847792,0.00220684997171891,"ACOT12/ACSL1/DLD/NUDT7/OGDH/PIPOX",6
"GO:0035383","thioester metabolic process","6/156","96/18888",0.0625,7.56730769230769,5.88692081019112,0.000144873828564391,0.00260106804847792,0.00220684997171891,"ACOT12/ACSL1/DLD/NUDT7/OGDH/PIPOX",6
"GO:1990542","mitochondrial transmembrane transport","6/156","96/18888",0.0625,7.56730769230769,5.88692081019112,0.000144873828564391,0.00260106804847792,0.00220684997171891,"AIFM1/SLC25A15/SLC25A20/SLC25A23/SLC25A26/SLC25A28",6
"GO:0000038","very long-chain fatty acid metabolic process","4/156","33/18888",0.121212121212121,14.6759906759907,7.17553376494706,0.000152019192597671,0.00266802223412991,0.00226365657575952,"ABCD4/ACAA1/ACOX2/ACSL1",4
"GO:0006084","acetyl-CoA metabolic process","4/156","33/18888",0.121212121212121,14.6759906759907,7.17553376494706,0.000152019192597671,0.00266802223412991,0.00226365657575952,"ACOT12/DLD/NUDT7/PIPOX",4
"GO:0071715","icosanoid transport","5/156","62/18888",0.0806451612903226,9.76426799007444,6.30789101425901,0.000159579067723395,0.00276958337537715,0.00234982510250005,"ABCC6/SLC22A1/SLC22A7/SLCO1B1/SLCO2B1",5
"GO:0030258","lipid modification","8/156","194/18888",0.0412371134020619,4.9928628072958,5.10135854775222,0.000212802540810354,0.00365272053566783,0.00309911392574015,"ABCB11/ABCD4/ACAA1/ACADM/ACOX2/FABP1/HACL1/HAO2",8
"GO:0008652","amino acid biosynthetic process","5/156","67/18888",0.0746268656716418,9.03559127439724,6.01292251367882,0.000230404198075202,0.00388709720336502,0.00329796844735937,"ASL/ASS1/GOT2/SHMT1/SRR",5
"GO:0006119","oxidative phosphorylation","7/156","148/18888",0.0472972972972973,5.72661122661123,5.26802298741644,0.000231434084451311,0.00388709720336502,0.00329796844735937,"ATP5F1B/COX5A/DLD/NDUFA4/SDHB/SLC25A23/ATP5MF",7
"GO:0006699","bile acid biosynthetic process","4/156","38/18888",0.105263157894737,12.7449392712551,6.61361045798276,0.000265571131521257,0.00441300114293834,0.00374416634473979,"ABCB11/ACOX2/AKR1C4/AKR1D1",4
"GO:0006577","amino-acid betaine metabolic process","3/156","16/18888",0.1875,22.7019230769231,7.92503085850377,0.000285984249350363,0.0046532020571382,0.00394796238960644,"ACADM/BBOX1/DMGDH",3
"GO:0043605","amide catabolic process","3/156","16/18888",0.1875,22.7019230769231,7.92503085850377,0.000285984249350363,0.0046532020571382,0.00394796238960644,"FTCD/PIPOX/UROC1",3
"GO:0009636","response to toxic substance","9/156","260/18888",0.0346153846153846,4.19112426035503,4.72823430701766,0.000317535640416735,0.00508892448011501,0.00431764668809542,"AIFM1/AKR1A1/ASS1/DDC/FABP1/GSTA1/GSTZ1/MAOB/SLC23A1",9
"GO:0016051","carbohydrate biosynthetic process","8/156","206/18888",0.0388349514563107,4.70201643017177,4.87541942101385,0.000319279512836921,0.00508892448011501,0.00431764668809542,"ACADM/AKR1A1/ALDOB/CRY1/GYS2/PFKFB1/PGM1/SDS",8
"GO:0008210","estrogen metabolic process","4/156","40/18888",0.1,12.1076923076923,6.41760399249176,0.000324615328469698,0.00512170851585524,0.00434546197281606,"UGT2B10/UGT2B11/UGT2B4/UGT2B7",4
"GO:0006766","vitamin metabolic process","6/156","113/18888",0.0530973451327434,6.428863172226,5.28213941476406,0.00035196997323336,0.00549777098190508,0.00466452838211369,"ABCD4/AKR1A1/PNPO/SHMT1/SLC19A3/SLC23A1",6
"GO:0019362","pyridine nucleotide metabolic process","7/156","164/18888",0.0426829268292683,5.16791744840525,4.89207865620567,0.000431600527504407,0.00660941199962631,0.00560768900028946,"ALDOB/NAXD/OGDH/PFKFB1/PGLS/PGM1/RBKS",7
"GO:0046496","nicotinamide nucleotide metabolic process","7/156","164/18888",0.0426829268292683,5.16791744840525,4.89207865620567,0.000431600527504407,0.00660941199962631,0.00560768900028946,"ALDOB/NAXD/OGDH/PFKFB1/PGLS/PGM1/RBKS",7
"GO:0015867","ATP transport","3/156","19/18888",0.157894736842105,19.1174089068826,7.21024728052343,0.000485935092140552,0.00722886298974802,0.00613325594992436,"ABCC6/SLC25A23/SLC25A25",3
"GO:0170044","non-proteinogenic amino acid catabolic process","3/156","19/18888",0.157894736842105,19.1174089068826,7.21024728052343,0.000485935092140552,0.00722886298974802,0.00613325594992436,"GOT2/KYAT1/SARDH",3
"GO:1902001","fatty acid transmembrane transport","3/156","19/18888",0.157894736842105,19.1174089068826,7.21024728052343,0.000485935092140552,0.00722886298974802,0.00613325594992436,"ABCD4/ACSL1/SLC25A20",3
"GO:0042398","cellular modified amino acid biosynthetic process","4/156","46/18888",0.0869565217391304,10.5284280936455,5.90457157956102,0.00055778810091166,0.00820145767057828,0.00695844410489794,"ACADM/BBOX1/GATM/GSS",4
"GO:0035461","vitamin transmembrane transport","3/156","20/18888",0.15,18.1615384615385,7.00744982519052,0.000568235189070161,0.00820145767057828,0.00695844410489794,"SLC19A3/SLC22A1/SLC23A1",3
"GO:0033865","nucleoside bisphosphate metabolic process","6/156","124/18888",0.0483870967741935,5.85856079404466,4.95344661202021,0.00057756744159002,0.00820145767057828,0.00695844410489794,"ACOT12/ACSL1/DLD/NUDT7/OGDH/PIPOX",6
"GO:0033875","ribonucleoside bisphosphate metabolic process","6/156","124/18888",0.0483870967741935,5.85856079404466,4.95344661202021,0.00057756744159002,0.00820145767057828,0.00695844410489794,"ACOT12/ACSL1/DLD/NUDT7/OGDH/PIPOX",6
"GO:0034032","purine nucleoside bisphosphate metabolic process","6/156","124/18888",0.0483870967741935,5.85856079404466,4.95344661202021,0.00057756744159002,0.00820145767057828,0.00695844410489794,"ACOT12/ACSL1/DLD/NUDT7/OGDH/PIPOX",6
"GO:0006098","pentose-phosphate shunt","3/156","21/18888",0.142857142857143,17.2967032967033,6.81882737687778,0.000658938220306918,0.00927262612720186,0.00786726618649986,"ALDOB/PGLS/RBKS",3
"GO:0006839","mitochondrial transport","7/156","182/18888",0.0384615384615385,4.65680473372781,4.52375123046436,0.000801391732626308,0.0111765525568062,0.00948263337759889,"AIFM1/SLC25A15/SLC25A20/SLC25A23/SLC25A26/SLC25A28/SPG7",7
"GO:0051180","vitamin transport","4/156","51/18888",0.0784313725490196,9.49622926093514,5.5444332173973,0.000827319060905767,0.011436038700308,0.00970279178090695,"ABCD4/SLC19A3/SLC22A1/SLC23A1",4
"GO:0033762","response to glucagon","3/156","23/18888",0.130434782608696,15.7926421404682,6.47788119984794,0.000866870421302387,0.011766605837605,0.00998325813703392,"ASS1/CRY1/PFKFB1",3
"GO:0046835","carbohydrate phosphorylation","3/156","23/18888",0.130434782608696,15.7926421404682,6.47788119984794,0.000866870421302387,0.011766605837605,0.00998325813703392,"FGGY/PFKFB1/RBKS",3
"GO:0042445","hormone metabolic process","8/156","240/18888",0.0333333333333333,4.03589743589744,4.31944850382247,0.000873832443765797,0.011766605837605,0.00998325813703392,"AKR1C4/AKR1D1/IYD/RETSAT/UGT2B10/UGT2B11/UGT2B4/UGT2B7",8
"GO:0006740","NADPH regeneration","3/156","24/18888",0.125,15.1346153846154,6.32301827767785,0.0009847339620997,0.0131466192205105,0.0111541165837474,"ALDOB/PGLS/RBKS",3
"GO:0009110","vitamin biosynthetic process","3/156","25/18888",0.12,14.5292307692308,6.17716840411407,0.00111226951101588,0.0147234320017525,0.0124919474966012,"AKR1A1/PNPO/SLC19A3",3
"GO:0170038","proteinogenic amino acid biosynthetic process","4/156","56/18888",0.0714285714285714,8.64835164835165,5.23076673067932,0.00117774420062638,0.0154591297594824,0.0131161428446583,"ASL/ASS1/GOT2/SHMT1",4
"GO:0170034","L-amino acid biosynthetic process","4/156","57/18888",0.0701754385964912,8.49662618083671,5.17271208660076,0.0012585749207351,0.0163824502182352,0.0138995247825043,"ASL/ASS1/GOT2/SHMT1",4
"GO:0009081","branched-chain amino acid metabolic process","3/156","28/18888",0.107142857142857,12.9725274725275,5.78556435159743,0.00155579902081824,0.0200839509960172,0.0170400258130505,"DLD/SDS/SDSL",3
"GO:0033013","tetrapyrrole metabolic process","4/156","62/18888",0.0645161290322581,7.81141439205955,4.90236716708409,0.00172163321193198,0.0220425498117849,0.0187017792391921,"ABCD4/SLCO1B1/SLCO2B1/SRRD",4
"GO:0015695","organic cation transport","4/156","63/18888",0.0634920634920635,7.68742368742369,4.85191670173208,0.00182668014158013,0.0231973526922614,0.0196815601048299,"SLC19A3/SLC22A1/SLC25A20/SLC25A26",4
"GO:0008209","androgen metabolic process","3/156","30/18888",0.1,12.1076923076923,5.55633429926635,0.00190498818345703,0.023804732340479,0.0201968852460833,"AKR1C4/AKR1D1/UGT2B7",3
"GO:0051156","glucose 6-phosphate metabolic process","3/156","30/18888",0.1,12.1076923076923,5.55633429926635,0.00190498818345703,0.023804732340479,0.0201968852460833,"ALDOB/PGLS/RBKS",3
"GO:1905039","carboxylic acid transmembrane transport","6/156","158/18888",0.0379746835443038,4.59785783836417,4.14433991564413,0.00201957639823033,0.025036335984411,0.0212418269454636,"ABCD4/ACSL1/SLC23A1/SLC25A15/SLC25A20/SLC25A26",6
"GO:1903825","organic acid transmembrane transport","6/156","159/18888",0.0377358490566038,4.5689404934688,4.1241294527998,0.00208473160413376,0.0256405572098971,0.0217544723547816,"ABCD4/ACSL1/SLC23A1/SLC25A15/SLC25A20/SLC25A26",6
"GO:0015909","long-chain fatty acid transport","4/156","66/18888",0.0606060606060606,7.33799533799534,4.70698390637215,0.00216835940642442,0.026460760881523,0.0224503658938187,"ABCD4/ACSL1/FABP1/SLC25A20",4
"GO:1902600","proton transmembrane transport","6/156","161/18888",0.0372670807453416,4.51218346870521,4.08420696830959,0.00221979625390327,0.0268784631674179,0.0228047611886105,"ATP5F1B/COX5A/NDUFA4/SLC2A9/SURF1/ATP5MF",6
"GO:0006099","tricarboxylic acid cycle","3/156","34/18888",0.0882352941176471,10.683257918552,5.15716375323509,0.00274083770411736,0.0328163610857752,0.027842710834282,"ACO1/OGDH/SDHB",3
"GO:0042180","cellular ketone metabolic process","7/156","227/18888",0.0308370044052863,3.73364961030159,3.78129041985751,0.00283405731230532,0.0328163610857752,0.027842710834282,"ABCB11/AKR1A1/AKR1C4/APOC3/FABP1/GOT2/KYAT1",7
"GO:0006104","succinyl-CoA metabolic process","2/156","10/18888",0.2,24.2153846153846,6.7011541298434,0.00292027797114133,0.0328163610857752,0.027842710834282,"NUDT7/OGDH",2
"GO:0006527","arginine catabolic process","2/156","10/18888",0.2,24.2153846153846,6.7011541298434,0.00292027797114133,0.0328163610857752,0.027842710834282,"ARG1/FAH",2
"GO:0006591","ornithine metabolic process","2/156","10/18888",0.2,24.2153846153846,6.7011541298434,0.00292027797114133,0.0328163610857752,0.027842710834282,"ARG1/ASL",2
"GO:0019852","L-ascorbic acid metabolic process","2/156","10/18888",0.2,24.2153846153846,6.7011541298434,0.00292027797114133,0.0328163610857752,0.027842710834282,"AKR1A1/SLC23A1",2
"GO:0030638","polyketide metabolic process","2/156","10/18888",0.2,24.2153846153846,6.7011541298434,0.00292027797114133,0.0328163610857752,0.027842710834282,"AKR1A1/AKR1C4",2
"GO:0030647","aminoglycoside antibiotic metabolic process","2/156","10/18888",0.2,24.2153846153846,6.7011541298434,0.00292027797114133,0.0328163610857752,0.027842710834282,"AKR1A1/AKR1C4",2
"GO:0044598","doxorubicin metabolic process","2/156","10/18888",0.2,24.2153846153846,6.7011541298434,0.00292027797114133,0.0328163610857752,0.027842710834282,"AKR1A1/AKR1C4",2
"GO:1901334","lactone metabolic process","2/156","10/18888",0.2,24.2153846153846,6.7011541298434,0.00292027797114133,0.0328163610857752,0.027842710834282,"AKR1A1/SLC23A1",2
"GO:0015868","purine ribonucleotide transport","3/156","35/18888",0.0857142857142857,10.378021978022,5.06765159782438,0.00297978756789041,0.0332459155788916,0.0282071620148423,"ABCC6/SLC25A23/SLC25A25",3
"GO:0009165","nucleotide biosynthetic process","8/156","293/18888",0.0273037542662116,3.30585455500131,3.63010630905306,0.0030581246150741,0.033877947863445,0.0287434034369413,"ACSL1/ATP5F1B/DLD/NAXD/SDHB/SHMT1/UCK1/ATP5MF",8
"GO:0044272","sulfur compound biosynthetic process","6/156","172/18888",0.0348837209302326,4.22361359570662,3.87572004166705,0.00308415071066598,0.0339256578173258,0.0287838824664824,"ACSL1/AKR1A1/DLD/GSS/GSTA1/SLC19A3",6
"GO:1901293","nucleoside phosphate biosynthetic process","8/156","295/18888",0.0271186440677966,3.28344198174707,3.60726434832171,0.00318717578832736,0.0346796596504469,0.0294236077228335,"ACSL1/ATP5F1B/DLD/NAXD/SDHB/SHMT1/UCK1/ATP5MF",8
"GO:0019318","hexose metabolic process","7/156","232/18888",0.0301724137931034,3.65318302387268,3.71068125656476,0.00319710050554696,0.0346796596504469,0.0294236077228335,"ACADM/ALDOB/CRY1/FUOM/PFKFB1/PGM1/SDS",7
"GO:0046390","ribose phosphate biosynthetic process","7/156","233/18888",0.0300429184549356,3.63750412677451,3.69679353857995,0.00327378948196518,0.0352666149712387,0.0299216040493224,"ACSL1/ATP5F1B/DLD/PYGL/SDHB/UCK1/ATP5MF",7
"GO:0005977","glycogen metabolic process","4/156","75/18888",0.0533333333333333,6.4574358974359,4.32157407923275,0.00345345032650989,0.0367217534714989,0.0311562016447315,"ACADM/GYS2/PYGL/PYGM",4
"GO:0007031","peroxisome organization","3/156","37/18888",0.0810810810810811,9.81704781704782,4.89901282276727,0.00349516414096778,0.0367217534714989,0.0311562016447315,"ABCD4/HACL1/PEX16",3
"GO:0015747","urate transport","2/156","11/18888",0.181818181818182,22.013986013986,6.36194643675494,0.00354992623187985,0.0367217534714989,0.0311562016447315,"SLC23A1/SLC2A9",2
"GO:0042167","heme catabolic process","2/156","11/18888",0.181818181818182,22.013986013986,6.36194643675494,0.00354992623187985,0.0367217534714989,0.0311562016447315,"SLCO1B1/SLCO2B1",2
"GO:0046149","pigment catabolic process","2/156","11/18888",0.181818181818182,22.013986013986,6.36194643675494,0.00354992623187985,0.0367217534714989,0.0311562016447315,"SLCO1B1/SLCO2B1",2
"GO:0070189","kynurenine metabolic process","2/156","11/18888",0.181818181818182,22.013986013986,6.36194643675494,0.00354992623187985,0.0367217534714989,0.0311562016447315,"GOT2/KYAT1",2
"GO:0006081","cellular aldehyde metabolic process","4/156","76/18888",0.0526315789473684,6.37246963562753,4.28267378917383,0.00362223780976208,0.0372232595976867,0.0315816994632304,"AKR1A1/ALDOB/GRHPR/PNPO",4
"GO:0051503","adenine nucleotide transport","3/156","38/18888",0.0789473684210526,9.5587044534413,4.81943209520012,0.00377198639892034,0.0385077823754326,0.032671539868367,"ABCC6/SLC25A23/SLC25A25",3
"GO:0044042","glucan metabolic process","4/156","77/18888",0.051948051948052,6.28971028971029,4.24446564399181,0.00379654192433843,0.0385077823754326,0.032671539868367,"ACADM/GYS2/PYGL/PYGM",4
"GO:0072530","purine-containing compound transmembrane transport","3/156","39/18888",0.0769230769230769,9.31360946745562,4.74274178767238,0.00406181595795907,0.0409028901883225,0.0347036449539039,"SLC22A1/SLC25A23/SLC25A26",3
"GO:0009132","nucleoside diphosphate metabolic process","5/156","127/18888",0.0393700787401575,4.76680799515445,3.88686151193052,0.00408505177296946,0.0409028901883225,0.0347036449539039,"ALDOB/NUDT7/OGDH/PFKFB1/PGM1",5
"GO:0009437","carnitine metabolic process","2/156","12/18888",0.166666666666667,20.1794871794872,6.06490977312571,0.00423688892851534,0.041362628164631,0.0350937050065843,"ACADM/BBOX1",2
"GO:0015866","ADP transport","2/156","12/18888",0.166666666666667,20.1794871794872,6.06490977312571,0.00423688892851534,0.041362628164631,0.0350937050065843,"SLC25A23/SLC25A25",2
"GO:0019336","phenol-containing compound catabolic process","2/156","12/18888",0.166666666666667,20.1794871794872,6.06490977312571,0.00423688892851534,0.041362628164631,0.0350937050065843,"FAH/MAOB",2
"GO:0033540","fatty acid beta-oxidation using acyl-CoA oxidase","2/156","12/18888",0.166666666666667,20.1794871794872,6.06490977312571,0.00423688892851534,0.041362628164631,0.0350937050065843,"ACAA1/ACOX2",2
"GO:0015865","purine nucleotide transport","3/156","40/18888",0.075,9.08076923076923,4.66876246129681,0.00436483222521497,0.0419598758779852,0.0356004338098142,"ABCC6/SLC25A23/SLC25A25",3
"GO:0051385","response to mineralocorticoid","3/156","40/18888",0.075,9.08076923076923,4.66876246129681,0.00436483222521497,0.0419598758779852,0.0356004338098142,"AIFM1/HDAC6/MAOB",3
"GO:0015850","organic hydroxy compound transport","8/156","311/18888",0.0257234726688103,3.11451892159288,3.43127633091186,0.00437865542132624,0.0419598758779852,0.0356004338098142,"ABCB11/AKR1C4/APOC3/MAOB/SLC19A3/SLC22A1/SLCO1B1/SLCO2B1",8
"GO:1901617","organic hydroxy compound biosynthetic process","7/156","249/18888",0.0281124497991968,3.40376892184121,3.48443847117839,0.00470230859390898,0.0447866220956453,0.0379987581497523,"ABCB11/ACOX2/AKR1C4/AKR1D1/DDC/FDFT1/PNPO",7
"GO:0006787","porphyrin-containing compound catabolic process","2/156","13/18888",0.153846153846154,18.6272189349112,5.80181276716721,0.00498018868037396,0.0460432311419634,0.0390649154307783,"SLCO1B1/SLCO2B1",2
"GO:0015838","amino-acid betaine transport","2/156","13/18888",0.153846153846154,18.6272189349112,5.80181276716721,0.00498018868037396,0.0460432311419634,0.0390649154307783,"SLC22A1/SLC25A20",2
"GO:0019321","pentose metabolic process","2/156","13/18888",0.153846153846154,18.6272189349112,5.80181276716721,0.00498018868037396,0.0460432311419634,0.0390649154307783,"FGGY/RBKS",2
"GO:0033015","tetrapyrrole catabolic process","2/156","13/18888",0.153846153846154,18.6272189349112,5.80181276716721,0.00498018868037396,0.0460432311419634,0.0390649154307783,"SLCO1B1/SLCO2B1",2
"GO:0072337","modified amino acid transport","3/156","42/18888",0.0714285714285714,8.64835164835165,4.52829398086883,0.00501110710251842,0.0460432311419634,0.0390649154307783,"SLC22A1/SLC25A20/SLC25A26",3
"GO:0072528","pyrimidine-containing compound biosynthetic process","3/156","42/18888",0.0714285714285714,8.64835164835165,4.52829398086883,0.00501110710251842,0.0460432311419634,0.0390649154307783,"SHMT1/SLC19A3/UCK1",3
"GO:0006006","glucose metabolic process","6/156","192/18888",0.03125,3.78365384615385,3.53788089650707,0.00526832193271755,0.0480097978337799,0.0407334291210519,"ACADM/ALDOB/CRY1/PFKFB1/PGM1/SDS",6
"GO:0009154","purine ribonucleotide catabolic process","5/156","135/18888",0.037037037037037,4.48433048433048,3.70768271911749,0.00528661026082596,0.0480097978337799,0.0407334291210519,"ALDOB/NUDT7/OGDH/PFKFB1/PGM1",5
"GO:0006639","acylglycerol metabolic process","5/156","136/18888",0.0367647058823529,4.45135746606335,3.68627146484672,0.00545260810062741,0.0492310627351446,0.0417695990184966,"ABHD16A/ACSL1/APOC3/GK/THRSP",5
